<?xml version="1.0"?>

<scripts>

	<command name="backup_startup_config_cli" method="CLI">
		<error>Failed to backup startup configuration.</error>
		<require-mode>exec</require-mode>
		<script>
            		backup_startup_config_cli.tcl
		</script>
	</command>

	<command name="backup_running_config_cli" method="CLI">
		<error>Failed to backup running configuration.</error>
		<require-mode>exec</require-mode>
		<script>
            		backup_running_config_cli.tcl
		</script>
	</command>
    
</scripts>
