<?xml version="1.0"?>

<common>

    <mode name="initialize" method="CLI">
        <require-mode>connect</require-mode>
        <enter>
            initialize.tcl
        </enter>
    </mode>

    <mode name="exec" method="CLI">
        <error>Failed to get to exec mode. </error>
        <require-mode>initialize</require-mode>
        <enter>
            enter_exec.tcl
        </enter>
        <exit>
            exit_exec.tcl
        </exit>
    </mode>

    <function name="cleanup" method="CLI">
        <error>An error occurred while trying to recover from an unexpected prompt.</error>
        <enter>
            cleanup.tcl
        </enter>
    </function>

</common>
